id,user_id,text,created_at,geo,place_name,coordinates,user_location,likes,retweets,followers,lang
_1089628305073029121,_413318409,Essa fam√≠lia ‚ù§Ô∏èüëàüèΩ Niver de 84 anos de Rodrigo Velloso! Os irm√£os @caetanoveloso e #MariaBeth√¢nia comemorando em‚Ä¶ https://t.co/PSC3RiE79P,2019-01-27 20:56:46,None,,None,,602,84,163857,pt
_1346229293643403265,_583108053,√â #FAKE! Este v√≠deo √© de 2019 e n√£o do Ano Novo de 2020/2021. #FakeNews https://t.co/PpuRajuqQQ,2021-01-04 22:57:29,None,,None,,3654,375,969428,pt
_1089628305073029121,_413318409,Essa fam√≠lia ‚ù§Ô∏èüëàüèΩ Niver de 84 anos de Rodrigo Velloso! Os irm√£os @caetanoveloso e #MariaBeth√¢nia comemorando em‚Ä¶ https://t.co/PSC3RiE79P,2019-01-27 20:56:46,None,,None,,602,84,163857,pt
_1346229293643403265,_583108053,√â #FAKE! Este v√≠deo √© de 2019 e n√£o do Ano Novo de 2020/2021. #FakeNews https://t.co/PpuRajuqQQ,2021-01-04 22:57:29,None,,None,,3654,375,969428,pt
_1352559051641679872,_68712576,A √∫nica coisa que devo ter furado deve ter sido a m√£e de quem divulga mais uma fakenews de n√≠vel global e di√°ria! A‚Ä¶ https://t.co/Vx7tJYhMQo,2021-01-22 10:09:41,None,,None,Rio de Janeiro-RJ,19390,3126,2075529,pt
_1352559051641679872,_68712576,A √∫nica coisa que devo ter furado deve ter sido a m√£e de quem divulga mais uma fakenews de n√≠vel global e di√°ria! A‚Ä¶ https://t.co/Vx7tJYhMQo,2021-01-22 10:09:41,None,,None,Rio de Janeiro-RJ,19390,3126,2075529,pt
_1346229293643403265,_583108053,√â #FAKE! Este v√≠deo √© de 2019 e n√£o do Ano Novo de 2020/2021. #FakeNews https://t.co/PpuRajuqQQ,2021-01-04 22:57:29,None,,None,,3654,375,969428,pt
_1344326604550529024,_30354991,Getting the COVID-19 vaccine will save your life. I have absolute confidence in our scientists and look forward to‚Ä¶ https://t.co/RTzfkon3xJ,2020-12-30 16:56:53,None,,None,California,29611,3494,17353354,en
_1340376981444194304,_17061263,"◊ñ◊®◊ô◊ß◊î ◊ß◊ò◊†◊î ◊ú◊ê◊ì◊ù  ◊¶◊¢◊ì ◊¢◊†◊ß ◊ú◊ë◊®◊ô◊ê◊ï◊™ ◊©◊ú ◊õ◊ï◊ú◊†◊ï. 
**
◊ë◊ì◊®◊ö ◊ú◊ó◊ô◊°◊ï◊ü ◊î◊¢◊®◊ë ◊ó◊©◊ë◊™◊ô ◊î◊¢◊®◊ë ◊¢◊ú ◊î◊ô◊ú◊ì◊ô◊ù ◊©◊ì◊ï◊ê◊í◊ô◊ù ◊ú◊î◊ï◊®◊ô◊ù ◊©◊ú◊î◊ù. 

◊¢◊ú ◊î◊†◊õ◊ì‚Ä¶ https://t.co/aoHgigJy2I",2020-12-19 19:22:30,None,,None,Israel,1811,184,1872822,iw
_1340376981444194304,_17061263,"◊ñ◊®◊ô◊ß◊î ◊ß◊ò◊†◊î ◊ú◊ê◊ì◊ù  ◊¶◊¢◊ì ◊¢◊†◊ß ◊ú◊ë◊®◊ô◊ê◊ï◊™ ◊©◊ú ◊õ◊ï◊ú◊†◊ï. 
**
◊ë◊ì◊®◊ö ◊ú◊ó◊ô◊°◊ï◊ü ◊î◊¢◊®◊ë ◊ó◊©◊ë◊™◊ô ◊î◊¢◊®◊ë ◊¢◊ú ◊î◊ô◊ú◊ì◊ô◊ù ◊©◊ì◊ï◊ê◊í◊ô◊ù ◊ú◊î◊ï◊®◊ô◊ù ◊©◊ú◊î◊ù. 

◊¢◊ú ◊î◊†◊õ◊ì‚Ä¶ https://t.co/aoHgigJy2I",2020-12-19 19:22:30,None,,None,Israel,1811,184,1872822,iw
_314900979462045696,_138814032,Hoy  recibiendo la vacuna antigripal  gratuita  de la Campa√±a Nacional de Vacunaci√≥n que empezamos el martes pasado. http://t.co/m6O4jYqKhU,2013-03-22 00:46:59,None,,None,Argentina,200,398,5963178,es
_314900979462045696,_138814032,Hoy  recibiendo la vacuna antigripal  gratuita  de la Campa√±a Nacional de Vacunaci√≥n que empezamos el martes pasado. http://t.co/m6O4jYqKhU,2013-03-22 00:46:59,None,,None,Argentina,200,398,5963178,es
_1286994557440348160,_128372940,"- RT-PCR para Sars-Cov 2: negativo.
- BOM DIA A TODOS. https://t.co/CkdV59yGXP",2020-07-25 11:59:48,None,,None,Bras√≠lia  Brasil,86289,14954,6684167,pt
_1310601334211698688,_128372940,"- Sociedade Europ√©ia de Cardiologia afirma: o uso da Hidroxicloroquina n√£o causa arritmia.
- Milhares de vidas pode‚Ä¶ https://t.co/FJiAmawk6G",2020-09-28 15:24:42,None,,None,Bras√≠lia  Brasil,34992,9771,6684166,pt
_1286994557440348160,_128372940,"- RT-PCR para Sars-Cov 2: negativo.
- BOM DIA A TODOS. https://t.co/CkdV59yGXP",2020-07-25 11:59:48,None,,None,Bras√≠lia  Brasil,86289,14954,6684166,pt
_1310601334211698688,_128372940,"- Sociedade Europ√©ia de Cardiologia afirma: o uso da Hidroxicloroquina n√£o causa arritmia.
- Milhares de vidas pode‚Ä¶ https://t.co/FJiAmawk6G",2020-09-28 15:24:42,None,,None,Bras√≠lia  Brasil,34992,9771,6684166,pt
_1352590167220088835,_43041690,Tratamento precoce agora tamb√©m nos Estados Unidos   Jornal Americano de Medicina recomenda Hidroxicloroquina e Azi‚Ä¶ https://t.co/CrAZHxu93w,2021-01-22 12:13:20,None,,None,Porto Alegre  RS,0,0,775782,pt
_1352590167220088835,_43041690,Tratamento precoce agora tamb√©m nos Estados Unidos   Jornal Americano de Medicina recomenda Hidroxicloroquina e Azi‚Ä¶ https://t.co/CrAZHxu93w,2021-01-22 12:13:20,None,,None,Porto Alegre  RS,0,0,775782,pt
_1352559051641679872,_68712576,A √∫nica coisa que devo ter furado deve ter sido a m√£e de quem divulga mais uma fakenews de n√≠vel global e di√°ria! A‚Ä¶ https://t.co/Vx7tJYhMQo,2021-01-22 10:09:41,None,,None,Rio de Janeiro-RJ,19390,3126,2075529,pt
_1339212219104579584,_43023158,Eu vou tomar a vacina  minha fam√≠lia vai tomar a vacina  recomendo que as pessoas tomem a vacina e ponto final.,2020-12-16 14:14:09,None,,None,Rio de Janeiro  Brasil,53772,1896,13233963,pt
_1310560229940228096,_14700117,"We are heading into flu season.
 
If you or someone you know is entitled to receive a flu jab  remember you can get‚Ä¶ https://t.co/z9WByqaDIq",2020-09-28 12:41:22,None,,None,London,301,112,3265613,en
_314900979462045696,_138814032,Hoy  recibiendo la vacuna antigripal  gratuita  de la Campa√±a Nacional de Vacunaci√≥n que empezamos el martes pasado. http://t.co/m6O4jYqKhU,2013-03-22 00:46:59,None,,None,Argentina,200,398,5963178,es
_1343943312089239553,_740672835899756544,La vicegob @Florelop inici√≥ el Plan Estrat√©gico de Vacunaci√≥n contra #COVID19 en el üè• Enrique Vera Barros. El dr. R‚Ä¶ https://t.co/slPGszaCvx,2020-12-29 15:33:49,None,,None,La Rioja  Argentina,22,7,2868,es
_1343975402121924615,_740672835899756544,@RicBenedetti @JuanVergaralr Que l√°stima que un d√≠a tan importante para los argentinos se especule sobre la vacunac‚Ä¶ https://t.co/7LU8tGSijq,2020-12-29 17:41:20,None,,None,La Rioja  Argentina,2,2,2868,es
_1343898499142852608,_235837456,#Ahora #LaRioja En el Hospital de Vera Barros tambi√©n comenzaron con la vacunaci√≥n.  En est√° ocasi√≥n fue vacunado e‚Ä¶ https://t.co/7uOJRGkagu,2020-12-29 12:35:45,None,,None,La Rioja  Argentina,1,0,1894,es
_1343939389731254277,_1234454943362420738,Despu√©s de un a√±o de mucho trabajo  comenz√≥ la vacunaci√≥n. Agradezco infinitamente a todo el personal de salud por‚Ä¶ https://t.co/GFJl7Lz5HK,2020-12-29 15:18:14,None,,None,,86,16,5733,es
_1343943312089239553,_740672835899756544,La vicegob @Florelop inici√≥ el Plan Estrat√©gico de Vacunaci√≥n contra #COVID19 en el üè• Enrique Vera Barros. El dr. R‚Ä¶ https://t.co/slPGszaCvx,2020-12-29 15:33:49,None,,None,La Rioja  Argentina,22,7,2868,es
_1339212219104579584,_43023158,Eu vou tomar a vacina  minha fam√≠lia vai tomar a vacina  recomendo que as pessoas tomem a vacina e ponto final.,2020-12-16 14:14:09,None,,None,Rio de Janeiro  Brasil,53772,1896,13233963,pt
_1349322450018906114,_43023158,Vacina: n√£o importa a origem  nem quem a distribui. O foco √© na efic√°cia cient√≠fica. Se as ag√™ncias regulat√≥rias ap‚Ä¶ https://t.co/cFfae0UNY5,2021-01-13 11:48:35,None,,None,Rio de Janeiro  Brasil,6137,296,13233963,pt
_1339212219104579584,_43023158,Eu vou tomar a vacina  minha fam√≠lia vai tomar a vacina  recomendo que as pessoas tomem a vacina e ponto final.,2020-12-16 14:14:09,None,,None,Rio de Janeiro  Brasil,53772,1896,13233964,pt
_1349322450018906114,_43023158,Vacina: n√£o importa a origem  nem quem a distribui. O foco √© na efic√°cia cient√≠fica. Se as ag√™ncias regulat√≥rias ap‚Ä¶ https://t.co/cFfae0UNY5,2021-01-13 11:48:35,None,,None,Rio de Janeiro  Brasil,6137,296,13233964,pt
_1349867243472121857,_138212728,Por instrucciones del Presidente @NicolasMaduro conversamos con el gobernador del Estado Amazonas  Brasil üáßüá∑ ‚Ä¶ https://t.co/DKFFcVkD8J,2021-01-14 23:53:24,None,,None,Caracas  cuna de Bol√≠var,50288,13398,1734837,es
_1349874761220894720,_91109801,O povo do Amazonas agradece! https://t.co/mE1gc42tiW,2021-01-15 00:23:17,None,,None,Amazonas  Brasil,9690,1729,13183,pt
_1349867243472121857,_138212728,Por instrucciones del Presidente @NicolasMaduro conversamos con el gobernador del Estado Amazonas  Brasil üáßüá∑ ‚Ä¶ https://t.co/DKFFcVkD8J,2021-01-14 23:53:24,None,,None,Caracas  cuna de Bol√≠var,50288,13398,1734837,es
_1349874761220894720,_91109801,O povo do Amazonas agradece! https://t.co/mE1gc42tiW,2021-01-15 00:23:17,None,,None,Amazonas  Brasil,9690,1729,13183,pt
_1310560229940228096,_14700117,"We are heading into flu season.
 
If you or someone you know is entitled to receive a flu jab  remember you can get‚Ä¶ https://t.co/z9WByqaDIq",2020-09-28 12:41:22,None,,None,London,301,112,3265613,en
_1349867243472121857,_138212728,Por instrucciones del Presidente @NicolasMaduro conversamos con el gobernador del Estado Amazonas  Brasil üáßüá∑ ‚Ä¶ https://t.co/DKFFcVkD8J,2021-01-14 23:53:24,None,,None,Caracas  cuna de Bol√≠var,50288,13398,1734837,es
_1350456704899698688,_138212728,Ayer le di la buena noticia al Gobernador del estado Amazonas de Brasil üáßüá∑  que hoy s√°bado salen los primeros camio‚Ä¶ https://t.co/neYHZk44ep,2021-01-16 14:55:43,None,,None,Caracas  cuna de Bol√≠var,3370,3574,1734837,es
_1351503234674917378,_1301234378,Estive na fronteira entre o Brasil e a Venezuela  para acompanhar a chegada do oxig√™nio e da equipe m√©dica  que vie‚Ä¶ https://t.co/UBsK7hEGbL,2021-01-19 12:14:15,None,,None,Boa Vista  Roraima,337,416,9012,pt
_1339266283536314370,_27922157,In March  AMA urged caution about prescribing hydroxychloroquine off-label to treat #COVID19. Our position remains‚Ä¶ https://t.co/RtPHQ8BWIG,2020-12-16 17:48:59,None,,None,Chicago/Washington D.C.,287,129,741103,en
_1302698431106949133,_987288415858319360,"Irish Freedom Party chairwoman  Prof Dolores Cahill has left Dublin airport and is heading home.¬†
She was never det‚Ä¶ https://t.co/gVjK5d6hvd",2020-09-06 20:01:23,None,,None,Ireland,325,111,16571,en
_1340049892220276744,_48040416,Sobre a not√≠cia publicada pelos  ve√≠culos de comunica√ß√£o nesta sexta-feira(18)  informo a todos; Agrade√ßo ao convit‚Ä¶ https://t.co/mvMxEPHEMm,2020-12-18 21:42:45,None,,None,Alagoas,12139,1044,73447,pt
_1337144695957442561,_24746057,"‚ùå #FakeNews: √â falso que jogadores do S√£o Paulo Futebol Clube tenham recebido a vacina #Coronavac

üíâ A vacina  dese‚Ä¶ https://t.co/oxR9GcuerQ",2020-12-10 21:18:33,None,,None,S√£o Paulo,5085,697,468758,pt
_1337144695957442561,_24746057,"‚ùå #FakeNews: √â falso que jogadores do S√£o Paulo Futebol Clube tenham recebido a vacina #Coronavac

üíâ A vacina  dese‚Ä¶ https://t.co/oxR9GcuerQ",2020-12-10 21:18:33,None,,None,S√£o Paulo,5085,697,468758,pt
_1332766211583651846,_762402774260875265,No in√≠cio da tarde passei por uma consulta m√©dica domiciliar com o infectologista Esper Kallas. Ele atestou sintoma‚Ä¶ https://t.co/l97KdIECAI,2020-11-28 19:20:01,None,,None,,27588,479,1324931,pt
_1323615668290412548,_961879852243615744,@joseado14420138 ACLARIMENT | Els equips que apareixen en el v√≠deo s√≥n equipaments industrials fabricats a l'Arag√≥‚Ä¶ https://t.co/8QogILLQax,2020-11-03 13:19:01,None,,None,Tarragona  Espanya,8,1,2219,ca
_1323615668290412548,_961879852243615744,@joseado14420138 ACLARIMENT | Els equips que apareixen en el v√≠deo s√≥n equipaments industrials fabricats a l'Arag√≥‚Ä¶ https://t.co/8QogILLQax,2020-11-03 13:19:01,None,,None,Tarragona  Espanya,8,1,2219,ca
_1321466912585453569,_138471254,Hoy  50 brigadas del Minsa realizan acciones de vacunaci√≥n casa por casa en la zona de Manzanilla  en La Victoria ‚Ä¶ https://t.co/xltSxxVQJL,2020-10-28 15:00:38,None,,None,Lima  Per√∫,141,34,874672,es
_1321466912585453569,_138471254,Hoy  50 brigadas del Minsa realizan acciones de vacunaci√≥n casa por casa en la zona de Manzanilla  en La Victoria ‚Ä¶ https://t.co/xltSxxVQJL,2020-10-28 15:00:38,None,,None,Lima  Per√∫,141,34,874672,es
_1323615668290412548,_961879852243615744,@joseado14420138 ACLARIMENT | Els equips que apareixen en el v√≠deo s√≥n equipaments industrials fabricats a l'Arag√≥‚Ä¶ https://t.co/8QogILLQax,2020-11-03 13:19:01,None,,None,Tarragona  Espanya,8,1,2219,ca
_1252689890078310405,_131574396,"Grupo de Puebla
VACINA DEVE SER GRATUITA E PARA TODOS
Grupo de Puebla prop√µe que  quando descoberta  vacina contra‚Ä¶ https://t.co/MNYDt1Zqpl",2020-04-21 20:05:18,None,,None,Brasil,869,174,6375698,pt
_1318938898777706497,_131574396,1 √â Bolsonaro que tem feito o povo de cobaia  ao incentivar o uso de rem√©dio in√≥cuo contra a Covid19 e perigoso pel‚Ä¶ https://t.co/zB1caeqbg2,2020-10-21 15:35:12,None,,None,Brasil,8154,1318,6375698,pt
_1245013144524726273,_189868631,People without regular incomes or any financial cushion deserve social policies that ensure dignity and enable them‚Ä¶ https://t.co/QrhIFqqE5H,2020-03-31 15:40:39,None,,None,Geneva  Switzerland,6579,2622,1410023,en
_1321466912585453569,_138471254,Hoy  50 brigadas del Minsa realizan acciones de vacunaci√≥n casa por casa en la zona de Manzanilla  en La Victoria ‚Ä¶ https://t.co/xltSxxVQJL,2020-10-28 15:00:38,None,,None,Lima  Per√∫,141,34,874672,es
_1321466912585453569,_138471254,Hoy  50 brigadas del Minsa realizan acciones de vacunaci√≥n casa por casa en la zona de Manzanilla  en La Victoria ‚Ä¶ https://t.co/xltSxxVQJL,2020-10-28 15:00:38,None,,None,Lima  Per√∫,141,34,874672,es
_1353141360883331074,_40637000,Quer dizer que Jo√£o D√≥ria fecha o estado de SP √© vai pra Angra?? https://t.co/WE5sMOPkob,2021-01-24 00:43:35,None,,None,,11398,3043,26158,pt
_1342177404152934401,_64706049,Meu pedido de desculpas aos brasileiros de SP. Reconhe√ßo o erro e esclare√ßo a viagem que fiz aos Estados Unidos. J√°‚Ä¶ https://t.co/WnIz4N0XzZ,2020-12-24 18:36:44,None,,None,S√£o Paulo  SP  Brasil,11071,661,1368261,pt
_1353141360883331074,_40637000,Quer dizer que Jo√£o D√≥ria fecha o estado de SP √© vai pra Angra?? https://t.co/WE5sMOPkob,2021-01-24 00:43:35,None,,None,,11398,3043,26158,pt
_1353707726749237251,_40637000,Al√¥ @equipejd que foi correndo no meu Tweet me acusar de Fakenews quando questionei se o governador estava em Angra‚Ä¶ https://t.co/4wBVgDvqxj,2021-01-25 14:14:07,None,,None,,870,254,26158,pt
_1353418523473833984,_894620723897131008,@flferronato @dunningham2 Flavia  fake news! Jo√£o Doria est√° em SP. Ali√°s  neste final de semana  acompanhou vacina‚Ä¶ https://t.co/47y4krEBpH,2021-01-24 19:04:55,None,,None,,5,0,2946,pt
_1353418523473833984,_894620723897131008,@flferronato @dunningham2 Flavia  fake news! Jo√£o Doria est√° em SP. Ali√°s  neste final de semana  acompanhou vacina‚Ä¶ https://t.co/47y4krEBpH,2021-01-24 19:04:55,None,,None,,5,0,2946,pt
_1342177404152934401,_64706049,Meu pedido de desculpas aos brasileiros de SP. Reconhe√ßo o erro e esclare√ßo a viagem que fiz aos Estados Unidos. J√°‚Ä¶ https://t.co/WnIz4N0XzZ,2020-12-24 18:36:44,None,,None,S√£o Paulo  SP  Brasil,11071,661,1368261,pt
_1334969847785074691,_756487927849422848,"Modifica√ß√£o de DNA humano com vacina de RNA (parte 1)

Para algu√©m afirmar algo do tipo seria de bom tom descrever‚Ä¶ https://t.co/I9xQMke5tr",2020-12-04 21:16:28,None,,None,Ribeir√£o Preto  Brasil,1806,353,41120,pt
_1353354452590321665,_1255190457577091073,"Trump: Cloriquina √© eficaz. Esquerda: Genocida!
Bolsonaro: cloroquina √© eficaz. Esquerda: Genocida!
Biden: cloroqui‚Ä¶ https://t.co/raWhTz6xCS",2021-01-24 14:50:20,None,,None,,11581,2685,69671,pt
_1350229472235151362,_3346864877,A work colleague on her way to get her vaccine this morning came across this shite. She‚Äôs a nurse working extremely‚Ä¶ https://t.co/5z4Enx3YfY,2021-01-15 23:52:46,None,,None,Limerick,56,6,1816,en
_1300460346981986304,_9317502,@GFiuza_Oficial Oi  Guilherme. As fotos publicadas na nossa mat√©ria foram todas feitas no domingo  30  pelo fotojor‚Ä¶ https://t.co/0uzFJ0q59A,2020-08-31 15:48:02,None,,None,S√£o Paulo,5709,616,6999585,pt
_1300468919212400640,_2804949532,O @Estadao afirma q n√£o usou foto de arquivo da praia de Ipanema. Todas as fontes q consultei me afirmaram n√£o ter‚Ä¶ https://t.co/YNAeVaHfet,2020-08-31 16:22:06,None,,None,,13317,1377,689642,pt
_1300460346981986304,_9317502,@GFiuza_Oficial Oi  Guilherme. As fotos publicadas na nossa mat√©ria foram todas feitas no domingo  30  pelo fotojor‚Ä¶ https://t.co/0uzFJ0q59A,2020-08-31 15:48:02,None,,None,S√£o Paulo,5709,616,6999585,pt
_1300468919212400640,_2804949532,O @Estadao afirma q n√£o usou foto de arquivo da praia de Ipanema. Todas as fontes q consultei me afirmaram n√£o ter‚Ä¶ https://t.co/YNAeVaHfet,2020-08-31 16:22:06,None,,None,,13317,1377,689642,pt
_1260534993744470017,_455024343,Wearing face coverings in most non medical situations isn‚Äôt to protect healthy wearers from #COVID19 -it‚Äôs to keep‚Ä¶ https://t.co/m7XgkH4IFg,2020-05-13 11:38:56,None,,None,Washington  DC,3488,1581,911377,en
_1277221974016700417,_455024343,(1/6) This #SundaySpotlight on #PublicHealth is focused on the facts regarding masks and face coverings. Follow alo‚Ä¶ https://t.co/NoU573Ph6P,2020-06-28 12:47:02,None,,None,Washington  DC,845,301,911377,en
_1277224323783286785,_455024343,"(5/6) Don‚Äôt have a face covering? Check out my video how-to using just a t-shirt &amp; rubber bands. 

Not your style?‚Ä¶ https://t.co/K9JI1Y0srI",2020-06-28 12:56:23,None,,None,Washington  DC,120,40,911377,en
_1296434379024195590,_455024343,"Thanks for this ‚Å¶@AmerAcadPeds‚Å©! üëáüèΩ 

Parents  for more answers to FAQs you may have about #COVID19 and your kiddos‚Ä¶ https://t.co/hof7K8a58z",2020-08-20 13:10:17,None,,None,Washington  DC,78,59,911377,en
_1295853025853157378,_455024343,I wear my mask to protect you. You wear yours to protect me. #COVIDStopsWithMe https://t.co/6yPAQqF9oo,2020-08-18 22:40:11,None,,None,Washington  DC,234,92,911377,en
_1295678829957185536,_455024343,"#DYK that there are 3‚É£ simple things that YOU can do to protect your health and prevent the spread of #COVID19?

Fo‚Ä¶ https://t.co/Lvi4zmOj1U",2020-08-18 11:08:00,None,,None,Washington  DC,88,48,911377,en
_1282635606192009218,_455024343,üò∑ are our best tool to slow spread of #COVID19. I‚Äôve been saying this for over 3 months! Unfortunately on 2 recent‚Ä¶ https://t.co/msJMdUuJO6,2020-07-13 11:18:53,None,,None,Washington  DC,161,53,911377,en
_1298755761741459459,_25577585,Que tipo de ‚Äúgente‚Äù √© capaz de agredir uma fam√≠lia em luto ? Que tipo de ‚Äúgente‚Äù √© capaz de usar uma foto de um vel‚Ä¶ https://t.co/5XzfsFi6fM,2020-08-26 22:54:37,None,,None,Maranh√£o,32600,3144,549230,pt
_1293592445893128200,_64706049,Compartilho o resultado positivo do meu exame de Covid-19. J√° estou em isolamento e seguirei trabalhando de casa. M‚Ä¶ https://t.co/jj2YpcH6ZC,2020-08-12 16:57:27,None,,None,S√£o Paulo  SP  Brasil,2865,118,1368262,pt
_1300460346981986304,_9317502,@GFiuza_Oficial Oi  Guilherme. As fotos publicadas na nossa mat√©ria foram todas feitas no domingo  30  pelo fotojor‚Ä¶ https://t.co/0uzFJ0q59A,2020-08-31 15:48:02,None,,None,S√£o Paulo,5709,616,6999585,pt
_1300468919212400640,_2804949532,O @Estadao afirma q n√£o usou foto de arquivo da praia de Ipanema. Todas as fontes q consultei me afirmaram n√£o ter‚Ä¶ https://t.co/YNAeVaHfet,2020-08-31 16:22:06,None,,None,,13317,1377,689642,pt
_1298755761741459459,_25577585,Que tipo de ‚Äúgente‚Äù √© capaz de agredir uma fam√≠lia em luto ? Que tipo de ‚Äúgente‚Äù √© capaz de usar uma foto de um vel‚Ä¶ https://t.co/5XzfsFi6fM,2020-08-26 22:54:37,None,,None,Maranh√£o,32599,3144,549230,pt
_1298755761741459459,_25577585,Que tipo de ‚Äúgente‚Äù √© capaz de agredir uma fam√≠lia em luto ? Que tipo de ‚Äúgente‚Äù √© capaz de usar uma foto de um vel‚Ä¶ https://t.co/5XzfsFi6fM,2020-08-26 22:54:37,None,,None,Maranh√£o,32599,3144,549230,pt
_1242577132636770306,_189868631,These are just some of the examples of the great sacrifices by #healthworkers who are treating us &amp; saving our live‚Ä¶ https://t.co/Wjkprnwh6U,2020-03-24 22:20:49,None,,None,Geneva  Switzerland,12952,4383,1410023,en
_1240310918103400448,_202406066,Vai passar! Desejo muita for√ßa  prote√ß√£o e luz √° todos os profissionais de sa√∫de que est√£o √° nossa frente no combat‚Ä¶ https://t.co/F2yiSGzF3k,2020-03-18 16:15:41,None,,None,,148,16,163604,pt
_1262063233747292163,_301492316,11. Por otra parte  si el Estado decide subsidiar a grandes grupos  ser√≠a razonable  como lo han hecho antes y lo e‚Ä¶ https://t.co/JbNJaQNSNQ,2020-05-17 16:51:37,None,,None,Argentina,810,369,83790,es
_1289308899049238528,_149991703,Hemos dispuesto la derogaci√≥n del DNU 522/2020 que orden√≥ la intervenci√≥n de Vicentin S.A.I.C. por 60 d√≠as. https://t.co/TEilNynB8T,2020-07-31 21:16:10,None,,None,Buenos Aires,7829,2396,2016317,es
_1018297937720414208,_26573303,No v√≠deo  o advogado e pr√©-candidato a deputado estadual de MG Bernardo Bartolomeu aparece em um restaurante em BH‚Ä¶ https://t.co/Bf1M81b7NJ,2018-07-15 00:55:22,None,,None,Brasil,507,165,1493187,pt
_1018297937720414208,_26573303,No v√≠deo  o advogado e pr√©-candidato a deputado estadual de MG Bernardo Bartolomeu aparece em um restaurante em BH‚Ä¶ https://t.co/Bf1M81b7NJ,2018-07-15 00:55:22,None,,None,Brasil,507,165,1493187,pt
_1293592445893128200,_64706049,Compartilho o resultado positivo do meu exame de Covid-19. J√° estou em isolamento e seguirei trabalhando de casa. M‚Ä¶ https://t.co/jj2YpcH6ZC,2020-08-12 16:57:27,None,,None,S√£o Paulo  SP  Brasil,2865,118,1368262,pt
_1293599875494563846,_64706049,Ao ler diversas Fake News nas redes ap√≥s a divulga√ß√£o do meu diagn√≥stico de coronav√≠rus  esclare√ßo que n√£o tomei a‚Ä¶ https://t.co/9kHHutL8nm,2020-08-12 17:26:58,None,,None,S√£o Paulo  SP  Brasil,1777,131,1368262,pt
_1242108317121511425,_64706049,Hoje come√ßou a campanha nacional de vacina√ß√£o contra a gripe p/ idosos (a partir de 60 anos) e profissionais da sa√∫‚Ä¶ https://t.co/B0dtTZzten,2020-03-23 15:17:54,None,,None,S√£o Paulo  SP  Brasil,444,34,1368262,pt
_1293592445893128200,_64706049,Compartilho o resultado positivo do meu exame de Covid-19. J√° estou em isolamento e seguirei trabalhando de casa. M‚Ä¶ https://t.co/jj2YpcH6ZC,2020-08-12 16:57:27,None,,None,S√£o Paulo  SP  Brasil,2865,118,1368262,pt
_1293599875494563846,_64706049,Ao ler diversas Fake News nas redes ap√≥s a divulga√ß√£o do meu diagn√≥stico de coronav√≠rus  esclare√ßo que n√£o tomei a‚Ä¶ https://t.co/9kHHutL8nm,2020-08-12 17:26:58,None,,None,S√£o Paulo  SP  Brasil,1777,131,1368262,pt
_1242108317121511425,_64706049,Hoje come√ßou a campanha nacional de vacina√ß√£o contra a gripe p/ idosos (a partir de 60 anos) e profissionais da sa√∫‚Ä¶ https://t.co/B0dtTZzten,2020-03-23 15:17:54,None,,None,S√£o Paulo  SP  Brasil,444,34,1368262,pt
_1293599875494563846,_64706049,Ao ler diversas Fake News nas redes ap√≥s a divulga√ß√£o do meu diagn√≥stico de coronav√≠rus  esclare√ßo que n√£o tomei a‚Ä¶ https://t.co/9kHHutL8nm,2020-08-12 17:26:58,None,,None,S√£o Paulo  SP  Brasil,1777,131,1368262,pt
_1288142337697349632,_74756085,üá∫üá∏De novo: para doen√ßa nova n√£o existe rem√©dio testado. Assim  qualquer tentativa √© v√°lida  pois quem n√£o tenta pod‚Ä¶ https://t.co/4NxLjEdOzz,2020-07-28 16:00:40,None,,None,S√£o Paulo - SP,4069,1015,1987542,pt
_1292904281205616650,_402816322,A @PrefPelotas esclarece que o v√≠deo que mostra a utiliza√ß√£o de uma sirene para alertar sobre o lockdown √© uma publ‚Ä¶ https://t.co/t82PMEsDi6,2020-08-10 19:22:56,None,,None,Pelotas  RS  Brasil,143,43,5107,pt
_1292948475274055682,_74756085,(1/2) No v√≠deo em que soa uma sirene em Pelotas-RS  apenas a sirene se tratou de uma brincadeira  mas de fato em 08‚Ä¶ https://t.co/d56aLmNIvV,2020-08-10 22:18:32,None,,None,S√£o Paulo - SP,1457,331,1987542,pt
_1292904281205616650,_402816322,A @PrefPelotas esclarece que o v√≠deo que mostra a utiliza√ß√£o de uma sirene para alertar sobre o lockdown √© uma publ‚Ä¶ https://t.co/t82PMEsDi6,2020-08-10 19:22:56,None,,None,Pelotas  RS  Brasil,143,43,5107,pt
_1292948475274055682,_74756085,(1/2) No v√≠deo em que soa uma sirene em Pelotas-RS  apenas a sirene se tratou de uma brincadeira  mas de fato em 08‚Ä¶ https://t.co/d56aLmNIvV,2020-08-10 22:18:32,None,,None,S√£o Paulo - SP,1457,331,1987542,pt
_1293592445893128200,_64706049,Compartilho o resultado positivo do meu exame de Covid-19. J√° estou em isolamento e seguirei trabalhando de casa. M‚Ä¶ https://t.co/jj2YpcH6ZC,2020-08-12 16:57:27,None,,None,S√£o Paulo  SP  Brasil,2865,118,1368262,pt
_1293592445893128200,_64706049,Compartilho o resultado positivo do meu exame de Covid-19. J√° estou em isolamento e seguirei trabalhando de casa. M‚Ä¶ https://t.co/jj2YpcH6ZC,2020-08-12 16:57:27,None,,None,S√£o Paulo  SP  Brasil,2865,118,1368262,pt
_1293599875494563846,_64706049,Ao ler diversas Fake News nas redes ap√≥s a divulga√ß√£o do meu diagn√≥stico de coronav√≠rus  esclare√ßo que n√£o tomei a‚Ä¶ https://t.co/9kHHutL8nm,2020-08-12 17:26:58,None,,None,S√£o Paulo  SP  Brasil,1777,131,1368262,pt
_1293599875494563846,_64706049,Ao ler diversas Fake News nas redes ap√≥s a divulga√ß√£o do meu diagn√≥stico de coronav√≠rus  esclare√ßo que n√£o tomei a‚Ä¶ https://t.co/9kHHutL8nm,2020-08-12 17:26:58,None,,None,S√£o Paulo  SP  Brasil,1777,131,1368262,pt
_1242108317121511425,_64706049,Hoje come√ßou a campanha nacional de vacina√ß√£o contra a gripe p/ idosos (a partir de 60 anos) e profissionais da sa√∫‚Ä¶ https://t.co/B0dtTZzten,2020-03-23 15:17:54,None,,None,S√£o Paulo  SP  Brasil,444,34,1368262,pt
_1286752274740649984,_123891446,Ap√≥s um teste RT-PCR e mesmo estando assintom√°tico  fui surpreendido agora h√° pouco com o resultado positivo para C‚Ä¶ https://t.co/PPzGQGAhLZ,2020-07-24 19:57:03,None,,None,Pelotas - RS,9183,676,104665,pt
_1287746849860976640,_123891446,Neste quarto dia ap√≥s o resultado positivo do teste para #Covid19 tenho apenas sintomas leves  como dor de cabe√ßa e‚Ä¶ https://t.co/9JiEPibsk2,2020-07-27 13:49:08,None,,None,Pelotas - RS,2650,50,104665,pt
_1286096910005276672,_64706049,Compartilho depoimento da Stefania Teixeira Porto  m√©dica do Hospital das Cl√≠nicas  a 1¬™ volunt√°ria brasileira que‚Ä¶ https://t.co/LbNZ3rxvxi,2020-07-23 00:32:52,None,,None,S√£o Paulo  SP  Brasil,724,61,1368262,pt
_1286096910005276672,_64706049,Compartilho depoimento da Stefania Teixeira Porto  m√©dica do Hospital das Cl√≠nicas  a 1¬™ volunt√°ria brasileira que‚Ä¶ https://t.co/LbNZ3rxvxi,2020-07-23 00:32:52,None,,None,S√£o Paulo  SP  Brasil,724,61,1368262,pt
_1284796485767495680,_128372940,- H√° mais de uma semana muitos hospitais do RS e de SC estavam sem analg√©sicos e sedativos  extremamente necess√°rio‚Ä¶ https://t.co/cSW5JQpxsJ,2020-07-19 10:25:27,None,,None,Bras√≠lia  Brasil,37143,7592,6684164,pt
_1270347893061214208,_14499829,Live on #COVID19 transmission with @DrMikeRyan &amp; Dr @mvankerkhove. #AskWHO https://t.co/k1eZI2l4ML,2020-06-09 13:31:54,None,,None,Geneva  Switzerland,837,379,9018188,en
_1270347893061214208,_14499829,Live on #COVID19 transmission with @DrMikeRyan &amp; Dr @mvankerkhove. #AskWHO https://t.co/k1eZI2l4ML,2020-06-09 13:31:54,None,,None,Geneva  Switzerland,837,379,9018188,en
_1242108317121511425,_64706049,Hoje come√ßou a campanha nacional de vacina√ß√£o contra a gripe p/ idosos (a partir de 60 anos) e profissionais da sa√∫‚Ä¶ https://t.co/B0dtTZzten,2020-03-23 15:17:54,None,,None,S√£o Paulo  SP  Brasil,444,34,1368262,pt
_1242108317121511425,_64706049,Hoje come√ßou a campanha nacional de vacina√ß√£o contra a gripe p/ idosos (a partir de 60 anos) e profissionais da sa√∫‚Ä¶ https://t.co/B0dtTZzten,2020-03-23 15:17:54,None,,None,S√£o Paulo  SP  Brasil,444,34,1368262,pt
_1283922677317750786,_52722451,Repert√≥rio da m√≠dia televisiva para assustar. Se as mortes n√£o aumentam se aumenta o tamanho do gr√°fico! https://t.co/W7boa3kSRr,2020-07-17 00:33:15,None,,None,Porto Alegre,20529,5276,338665,pt
_1171804297950093312,_128372940,https://t.co/rg7imAwT8t,2019-09-11 15:14:50,None,,None,Bras√≠lia  Brasil,20933,2489,6684164,und
_1274096953450790914,_128372940,O STF determinou que as a√ß√µes diretas em rela√ß√£o ao covid-19 s√£o de responsabilidade de estados e munic√≠pios. Mesmo‚Ä¶ https://t.co/UiWEfVj7AZ,2020-06-19 21:49:19,None,,None,Bras√≠lia  Brasil,45874,12089,6684164,pt
_1254927971749466115,_256833444,Both the flu and COVID-19 can be life threatening and put pressure on our hospitals  so it‚Äôs important we do everyt‚Ä¶ https://t.co/DV8MBayTCI,2020-04-28 00:18:38,None,,None,Queensland,73,20,159386,en
_1273522187320938496,_858120066,"Statements or press releases posted in my name but not appearing on our social networks 
@PanziFoundation
@PanziUSA‚Ä¶ https://t.co/XEMTGyqLJZ",2020-06-18 07:45:25,None,,None,R√©publique D√©mocratique Congo,79,29,172863,en
_1274096953450790914,_128372940,O STF determinou que as a√ß√µes diretas em rela√ß√£o ao covid-19 s√£o de responsabilidade de estados e munic√≠pios. Mesmo‚Ä¶ https://t.co/UiWEfVj7AZ,2020-06-19 21:49:19,None,,None,Bras√≠lia  Brasil,45874,12089,6684164,pt
_1274096953450790914,_128372940,O STF determinou que as a√ß√µes diretas em rela√ß√£o ao covid-19 s√£o de responsabilidade de estados e munic√≠pios. Mesmo‚Ä¶ https://t.co/UiWEfVj7AZ,2020-06-19 21:49:19,None,,None,Bras√≠lia  Brasil,45874,12089,6684164,pt
_1119766061061160960,_586195358,A dif√≠cil vida do ministro Gilmar Mendes em Portugal  durante o feriado de P√°scoa. https://t.co/uZk7s5rw1L,2019-04-21 00:53:27,None,,None,S√£o Paulo - Brasil,1937,594,14829,pt
_1119766061061160960,_586195358,A dif√≠cil vida do ministro Gilmar Mendes em Portugal  durante o feriado de P√°scoa. https://t.co/uZk7s5rw1L,2019-04-21 00:53:27,None,,None,S√£o Paulo - Brasil,1937,594,14829,pt
_1281559635988754432,_332324517,Sou totalmente a favor da pauta PR√ì-VIDA e contra o ABORTO. Ontem  com a minha articula√ß√£o  retiramos do PL 1444 o‚Ä¶ https://t.co/FcsXMyypBu,2020-07-10 12:03:22,None,Bras√≠lia,None,Goi√°s  Brasil,2129,293,239275,pt
_1217163156306505730,_485777791,V≈ìux du directeur de l‚Äôh√¥pital St-Louis √† Paris. Du jamais vu. https://t.co/ZIUnuO900T,2020-01-14 19:14:44,None,,None,Paris,5267,3926,8690,fr
_1273367228990316545,_116519514,Amigos  comunico que fui diagnosticada com a COVID-19. Depois de crises de tosse  febre e falta de ar fui internada‚Ä¶ https://t.co/AfTpSUN2AH,2020-06-17 21:29:40,None,,None,Sao Paulo  Brazil,17086,756,346455,pt
_1273367228990316545,_116519514,Amigos  comunico que fui diagnosticada com a COVID-19. Depois de crises de tosse  febre e falta de ar fui internada‚Ä¶ https://t.co/AfTpSUN2AH,2020-06-17 21:29:40,None,,None,Sao Paulo  Brazil,17086,756,346455,pt
_1273367228990316545,_116519514,Amigos  comunico que fui diagnosticada com a COVID-19. Depois de crises de tosse  febre e falta de ar fui internada‚Ä¶ https://t.co/AfTpSUN2AH,2020-06-17 21:29:40,None,,None,Sao Paulo  Brazil,17086,756,346455,pt
_1273367228990316545,_116519514,Amigos  comunico que fui diagnosticada com a COVID-19. Depois de crises de tosse  febre e falta de ar fui internada‚Ä¶ https://t.co/AfTpSUN2AH,2020-06-17 21:29:40,None,,None,Sao Paulo  Brazil,17086,756,346455,pt
_1258370749670346752,_803912469928443904,"Cuidado si recibes esta cadena de whatsapp:
‚ùå Italia NO ha descubierto la cura del #coronavirus
‚ùå La causa de la en‚Ä¶ https://t.co/dbOozSwlKC",2020-05-07 12:19:00,None,,None,bulo@maldita.es,28,30,287229,es
_1272985282904801286,_128372940,"- Ao contr√°rio do que divulgou a m√≠dia brasileira  a retirada do status de ""uso emergencial hospitalar"" pela FDA na‚Ä¶ https://t.co/LQ1Js5kSyh",2020-06-16 20:11:57,None,,None,Bras√≠lia  Brasil,47724,12069,6684164,pt
_1272985282904801286,_128372940,"- Ao contr√°rio do que divulgou a m√≠dia brasileira  a retirada do status de ""uso emergencial hospitalar"" pela FDA na‚Ä¶ https://t.co/LQ1Js5kSyh",2020-06-16 20:11:57,None,,None,Bras√≠lia  Brasil,47724,12069,6684164,pt
_1270765111020531718,_163165805,Circulam boatos que o PL 1562/20 autoriza a inviolabilidade do domic√≠lio privado para fiscalizar o uso de m√°scaras.‚Ä¶ https://t.co/V9CwkftDee,2020-06-10 17:09:46,None,,None,Maranh√£o  Brasil,2,1,1251,pt
_1270765111020531718,_163165805,Circulam boatos que o PL 1562/20 autoriza a inviolabilidade do domic√≠lio privado para fiscalizar o uso de m√°scaras.‚Ä¶ https://t.co/V9CwkftDee,2020-06-10 17:09:46,None,,None,Maranh√£o  Brasil,2,1,1251,pt
_1269789285403824128,_229704949,I had verbally terminated my affiliation with the University of Utah over a week ago and formally this past Friday.‚Ä¶ https://t.co/bYeBzuWE2N,2020-06-08 00:32:11,None,,None,Florida  USA,34,17,1162,en
_1269805857824522242,_229704949,And the story is not that I am related to Dr Desai by marriage.  That‚Äôs old news.  Many people from the Brigham wer‚Ä¶ https://t.co/eDnAXcZxjo,2020-06-08 01:38:03,None,,None,Florida  USA,9,8,1162,en
_1088739576687091712,_1050174967298629633,Parab√©ns para mim. Algu√©m quer bolo? #ParabensProfHaddad https://t.co/LRo8hNPoI2,2019-01-25 10:05:17,None,,None,Ribeir√£o Preto  Brasil,1052,102,197106,pt
_1237777021742338049,_14499829,"üö® BREAKING üö®

""We have therefore made the assessment that #COVID19 can be characterized as a pandemic""-@DrTedros‚Ä¶ https://t.co/sDXhYYqy5g",2020-03-11 16:26:53,None,,None,Geneva  Switzerland,55432,54178,9018189,en
_1088800362847526913,_1083493813379891200,Festa de anivers√°rio do #Daddinho: vai ter #bolo #dogao #pastel e p√£o com #mortadela #vemgente #ParabensProfHaddad https://t.co/wNXTmW1MAN,2019-01-25 14:06:50,None,,None,Brasil,5,1,996,pt
_1237777021742338049,_14499829,"üö® BREAKING üö®

""We have therefore made the assessment that #COVID19 can be characterized as a pandemic""-@DrTedros‚Ä¶ https://t.co/sDXhYYqy5g",2020-03-11 16:26:53,None,,None,Geneva  Switzerland,55432,54178,9018189,en
_1265730480172937216,_71048855,"2 233 Floridians have died
50 127 have COVID-19
2 108 152 are unemployed 

No matter how much @GovRonDeSantis and‚Ä¶ https://t.co/x4yRq9dEjj",2020-05-27 19:43:57,None,,None,Florida  USA,4,6,7408,en
_1265711629632749572,_71048855,Today  we are holding funeral processions all over #Florida in memory of the lives lost due to #COVID19  and to‚Ä¶ https://t.co/Rwk6pwc1kt,2020-05-27 18:29:02,None,,None,Florida  USA,0,1,7419,en
_1265730480172937216,_71048855,"2 233 Floridians have died
50 127 have COVID-19
2 108 152 are unemployed 

No matter how much @GovRonDeSantis and‚Ä¶ https://t.co/x4yRq9dEjj",2020-05-27 19:43:57,None,,None,Florida  USA,4,6,7419,en
_1270765111020531718,_163165805,Circulam boatos que o PL 1562/20 autoriza a inviolabilidade do domic√≠lio privado para fiscalizar o uso de m√°scaras.‚Ä¶ https://t.co/V9CwkftDee,2020-06-10 17:09:46,None,,None,Maranh√£o  Brasil,2,1,1251,pt
_1263233890392715264,_980761908864274432,"Successful exchange with @DrTedros who commends #Madagascar‚Äôs efforts in the fight against #Covid19.
@WHO will sign‚Ä¶ https://t.co/fyYpjT6L7g",2020-05-20 22:23:23,None,,None,Antananarivo,1840,585,107907,en
_1169318930156007425,_873520646881513472,SEXTA FEIRA √â DIA DO CAMPO DA PATY FICAR ASSIM ! üá≥üá±üá≥üá±üá≥üá±üéâüéâ https://t.co/1t6GSx0TXs,2019-09-04 18:38:52,None,,None,RJ  Cpx da Mar√© - N. Holanda,293,89,226521,pt
_1270081492908216320,_2178775035,"1/2

@WHO recently published a summary of transmission of #COVID19  incl. symptomatic  pre-symptomatic and asymptom‚Ä¶ https://t.co/3HVaBiRhii",2020-06-08 19:53:19,None,,None,Geneva  Switzerland,652,314,45254,en
_1270069131652427776,_39416218,"This from @WHO is getting a lot of attention and creating confusion.

I want to quickly share what I understand abo‚Ä¶ https://t.co/fduXvckKdD",2020-06-08 19:04:12,None,,None,Providence  RI,3730,2317,172861,en
_1088739576687091712,_1050174967298629633,Parab√©ns para mim. Algu√©m quer bolo? #ParabensProfHaddad https://t.co/LRo8hNPoI2,2019-01-25 10:05:17,None,,None,Ribeir√£o Preto  Brasil,1052,102,197106,pt
_1156661710247403523,_3021616235,"Quando voc√™ canta o ""Parab√©ns pra Voc√™"" sozinho porque todos seus amigos est√£o presos. https://t.co/zdeFYdKJRD",2019-07-31 20:23:36,None,,None,,782,126,37414,pt
_1264709406329114627,_53203723,‚úîÔ∏è Al√©m de homenagem e toque de sil√™ncio durante o sepultamento  militares de todo o Estado  que n√£o estavam no ate‚Ä¶ https://t.co/F6SmcbodNJ,2020-05-25 00:06:34,None,,None,S√£o Paulo  Brasil,298,56,75422,pt
_1264717249958612997,_63542310,A homenagem  que √© feita de maneira simult√¢nea ao sepultamento  √© tradi√ß√£o institucional e consiste em estacionar a‚Ä¶ https://t.co/zjBqXbycTU,2020-05-25 00:37:44,None,,None,S√£o Paulo - Brasil,1654,183,648799,pt
_1264708382843457536,_64706049,√â absolutamente falsa a not√≠cia que Policiais Militares de SP prestaram contin√™ncia hoje a manifestantes. Os PMs pr‚Ä¶ https://t.co/JPPAbpVJpE,2020-05-25 00:02:30,None,,None,S√£o Paulo  SP  Brasil,11132,1327,1368263,pt
_1264709406329114627,_53203723,‚úîÔ∏è Al√©m de homenagem e toque de sil√™ncio durante o sepultamento  militares de todo o Estado  que n√£o estavam no ate‚Ä¶ https://t.co/F6SmcbodNJ,2020-05-25 00:06:34,None,,None,S√£o Paulo  Brasil,298,56,75422,pt
_1264717249958612997,_63542310,A homenagem  que √© feita de maneira simult√¢nea ao sepultamento  √© tradi√ß√£o institucional e consiste em estacionar a‚Ä¶ https://t.co/zjBqXbycTU,2020-05-25 00:37:44,None,,None,S√£o Paulo - Brasil,1654,183,648799,pt
_1264708382843457536,_64706049,√â absolutamente falsa a not√≠cia que Policiais Militares de SP prestaram contin√™ncia hoje a manifestantes. Os PMs pr‚Ä¶ https://t.co/JPPAbpVJpE,2020-05-25 00:02:30,None,,None,S√£o Paulo  SP  Brasil,11132,1327,1368263,pt
_1264709406329114627,_53203723,‚úîÔ∏è Al√©m de homenagem e toque de sil√™ncio durante o sepultamento  militares de todo o Estado  que n√£o estavam no ate‚Ä¶ https://t.co/F6SmcbodNJ,2020-05-25 00:06:34,None,,None,S√£o Paulo  Brasil,298,56,75422,pt
_1264708841222045696,_53203723,üö® Pol√≠cia Militar homenageia soldado que morreu em servi√ßo https://t.co/HlvxmcDmAz,2020-05-25 00:04:19,None,,None,S√£o Paulo  Brasil,530,82,75422,pt
_1264717249958612997,_63542310,A homenagem  que √© feita de maneira simult√¢nea ao sepultamento  √© tradi√ß√£o institucional e consiste em estacionar a‚Ä¶ https://t.co/zjBqXbycTU,2020-05-25 00:37:44,None,,None,S√£o Paulo - Brasil,1654,183,648799,pt
_1264717193482252288,_63542310,"MINUTO DE SIRENE 

Na tarde deste domingo (24)  policiais militares de todo o Estado prestaram homenagem ao Soldado‚Ä¶ https://t.co/aoGvresWdU",2020-05-25 00:37:30,None,,None,S√£o Paulo - Brasil,3960,619,648799,pt
_1263469430232711171,_52471614,"Organizando em thread pra facilitar a leitura:

Interrompo meu sil√™ncio no Twitter para denunciar uma injusti√ßa e u‚Ä¶ https://t.co/SpRMgjC8Cx",2020-05-21 13:59:20,None,,None,Brazil,104404,9114,10139642,pt
_1261720246592757760,_516626068,Les visites des h√¥pitaux Chirec-Delta et Saint-Pierre furent un moment de rencontres  dialogue important pour perso‚Ä¶ https://t.co/juJHTPXADe,2020-05-16 18:08:43,None,,None,Belgique,395,61,69189,fr
_1261720246592757760,_516626068,Les visites des h√¥pitaux Chirec-Delta et Saint-Pierre furent un moment de rencontres  dialogue important pour perso‚Ä¶ https://t.co/juJHTPXADe,2020-05-16 18:08:43,None,,None,Belgique,395,61,69189,fr
_1263469430232711171,_52471614,"Organizando em thread pra facilitar a leitura:

Interrompo meu sil√™ncio no Twitter para denunciar uma injusti√ßa e u‚Ä¶ https://t.co/SpRMgjC8Cx",2020-05-21 13:59:20,None,,None,Brazil,104404,9114,10139642,pt
_1263172805044117504,_2670726740,Usei uma frase totalmente infeliz. E a palavra desculpa foi feita pra gente usar com muita humildade. Se algum dos‚Ä¶ https://t.co/MFTVj65qEM,2020-05-20 18:20:39,None,,None,,64975,8976,2127775,pt
_1263172805044117504,_2670726740,Usei uma frase totalmente infeliz. E a palavra desculpa foi feita pra gente usar com muita humildade. Se algum dos‚Ä¶ https://t.co/MFTVj65qEM,2020-05-20 18:20:39,None,,None,,64975,8976,2127775,pt
_1261022227543265286,_1074209186752413696,Algu√©m sabe se o doria mandou recolher cloroquina e hidroxicloroquina de farm√°cias do Estado de S√£o Paulo? Se isso‚Ä¶ https://t.co/k502h3bIDg,2020-05-14 19:55:02,None,,None,,21285,4198,582677,pt
_1262134029178077186,_1218707751364448256,Diferente do que algumas reportagens afirmam  as 6 secretarias t√©cnicas do Minist√©rio da Sa√∫de nunca perderam sua a‚Ä¶ https://t.co/VDnjJ7vcBW,2020-05-17 21:32:56,None,,None,,21684,1729,264013,pt
_1255895001533472768,_2726301380,Sempre foi uma previs√£o que torci para n√£o se cumprir  que trabalhei para evitar  mas que infelizmente estamos vive‚Ä¶ https://t.co/DF63oIrHoA,2020-04-30 16:21:16,None,,None,Brasil,36784,4033,814377,pt
_1259298117230485509,_155977014,En #Tuxpan municipio del norte de Veracruz realizan el traslado de un enfermo sospechoso de #Covid19_mx en pleno ce‚Ä¶ https://t.co/9KlwwQZ2C9,2020-05-10 01:44:02,None,,None,Veracruz; planeta Tierra,6,6,1076,es
_1259298117230485509,_155977014,En #Tuxpan municipio del norte de Veracruz realizan el traslado de un enfermo sospechoso de #Covid19_mx en pleno ce‚Ä¶ https://t.co/9KlwwQZ2C9,2020-05-10 01:44:02,None,,None,Veracruz; planeta Tierra,6,6,1076,es
_1261726699181481986,_126436384,N√ÉO CONCORDO COM A VIOL√äNCIA ! Fiscal tentando fechar o com√©rcio em SP. Quem est√° com a raz√£o ? D√≥ria   Covas ou Bo‚Ä¶ https://t.co/MQNybKtDps,2020-05-16 18:34:21,None,,None,Rio de Janeiro,2705,647,1442407,pt
_1260637443344171008,_36706677,https://t.co/SWnBAnk0HB,2020-05-13 18:26:02,None,,None,Brazil,213,45,8657,und
_1258033690766163968,_39326635,üìπMulher que divulgou v√≠deo fake pede perd√£o  reconhece erro e est√° √† disposi√ß√£o da pol√≠cia https://t.co/7o71Oi3nBm,2020-05-06 13:59:39,None,,None,Belo Horizonte,4559,1149,1100145,pt
_1258033690766163968,_39326635,üìπMulher que divulgou v√≠deo fake pede perd√£o  reconhece erro e est√° √† disposi√ß√£o da pol√≠cia https://t.co/7o71Oi3nBm,2020-05-06 13:59:39,None,,None,Belo Horizonte,4560,1149,1100145,pt
_1247550844058337281,_151653693,Hoje come√ßam a ser distribu√≠dos  para hospitais com capacidade de atender pacientes de covid-19 na rede p√∫blica e p‚Ä¶ https://t.co/FG3bWpMFJO,2020-04-07 15:44:34,None,,None,Ananindeua PA,997,136,111140,pt
_1247550844058337281,_151653693,Hoje come√ßam a ser distribu√≠dos  para hospitais com capacidade de atender pacientes de covid-19 na rede p√∫blica e p‚Ä¶ https://t.co/FG3bWpMFJO,2020-04-07 15:44:34,None,,None,Ananindeua PA,997,136,111140,pt
_1244221563530088449,_68712576,https://t.co/Lio9V1AhNq,2020-03-29 11:15:11,None,,None,Rio de Janeiro-RJ,17162,3366,2075531,und
_1252967362044866560,_123891446,"ALERTA DE FAKE NEWS! üö´

Est√£o espalhando fotos minhas de MUITO ANTES DA PANDEMIA dizendo que estou fazendo turismo.‚Ä¶ https://t.co/vi8JtFMPaL",2020-04-22 14:27:52,None,,None,Pelotas - RS,1813,195,104665,pt
_1252967362044866560,_123891446,"ALERTA DE FAKE NEWS! üö´

Est√£o espalhando fotos minhas de MUITO ANTES DA PANDEMIA dizendo que estou fazendo turismo.‚Ä¶ https://t.co/vi8JtFMPaL",2020-04-22 14:27:52,None,,None,Pelotas - RS,1813,195,104665,pt
_1251123815972769794,_128372940,- Mais a√ß√µes do Governo Federal: https://t.co/G4W9YQ1U8T,2020-04-17 12:22:17,None,,None,Bras√≠lia  Brasil,27656,5772,6684164,pt
_1245523249670340616,_128372940,- Sancionei o projeto que prev√™ aux√≠lio emergencial de R$ 600/m√™s p/ trabalhadores informais  aut√¥nomos  microempre‚Ä¶ https://t.co/4TG4GjBj8U,2020-04-02 01:27:38,None,,None,Bras√≠lia  Brasil,40090,6280,6684164,pt
_1200150134203568128,_64706049,Em Ara√ßatuba  visitamos a f√°brica da Colormaq  empresa brasileira que emprega 2000 colaboradores. Em 2020  a Colorm‚Ä¶ https://t.co/7aXF7I4VPH,2019-11-28 20:31:04,None,,None,S√£o Paulo  SP  Brasil,207,13,1368263,pt
_1249499435605909504,_128372940,@gusttavo_lima - Parab√©ns pela excelente live! Forte abra√ßo!,2020-04-13 00:47:34,None,,None,Bras√≠lia  Brasil,39109,2366,6684164,pt
_1243974982494908419,_50374439,https://t.co/f6wLTkz90m,2020-03-28 18:55:22,None,,None,Los Angeles,210181,11401,16656986,und
_1247491948761489410,_1165773652190736384,Aten√ß√£o essa mulher precisa ser presa imediatamente .@policiafederal @PMESP @Policia_Civil @CFOAB @MPF_PGR‚Ä¶ https://t.co/pOGCf6h1gs,2020-04-07 11:50:32,None,,None,,318,63,63189,pt
_1247601497170415622,_983349784730796032,"S√≥ teria acrescentado algo.

Podem falar a vontade nas minhas postagens  porque eu  ao contr√°rio de voc√™s  defendo‚Ä¶ https://t.co/wxMWrm8jAo",2020-04-07 19:05:50,None,,None,S√£o Paulo,55,18,461,pt
_1243479127723819009,_1039878498356264960,"Will #hydroxychloroquine actually work to treat #COVID19?

Who better to ask than @VasNarasimhan  CEO of @Novartis?‚Ä¶ https://t.co/E8c7Y3LEm9",2020-03-27 10:05:01,None,,None,London  England,253,124,7194,en
_1244640844931567616,_723488741348782080,Our first shipments of #hydroxychloroquine are underway to @HHSGov to support clinical studies evaluating its effec‚Ä¶ https://t.co/jVEtfdkq5A,2020-03-30 15:01:16,None,,None,Basel  Schweiz,291,117,15419,en
_1248807066476728320,_151653693,A demarca√ß√£o para manter o distanciamento social em 150 paradas de √¥nibus de Bel√©m √© uma a√ß√£o realizada pelos inter‚Ä¶ https://t.co/KZsbH4ci4o,2020-04-11 02:56:21,None,,None,Ananindeua PA,986,61,111132,pt
_1248997179139788800,_151653693,@Andersoncfb @henriolliveira Sugiro que voc√™ se informe pelos canais oficiais do Estado e n√£o espalhe informa√ß√µes f‚Ä¶ https://t.co/MB1nTdQd1l,2020-04-11 15:31:47,None,,None,Ananindeua PA,6,0,111140,pt
_1126068077999853568,_4114061121,Excelente encontro com Governador @wilsonwitzel  do Rio de Janeiro. Discutimos sobre a futura coopera√ß√£o entre Chin‚Ä¶ https://t.co/0ScZ7L8zeA,2019-05-08 10:15:25,None,,None,Bras√≠lia  Brazil,7,0,53223,pt
_1132002388376788995,_4114061121,√â uma grande honra receber nesta trade o Presidente da C√¢mara dos Deputados @RodrigoMaia na minha resid√™ncia. Troca‚Ä¶ https://t.co/GWvjO1dfb5,2019-05-24 19:16:15,None,,None,Bras√≠lia  Brazil,13,3,53223,pt
_1134145939151740929,_4114061121,√â uma grande honra para mim ser recebido pelo ex-presidente Fernando Henrique Cardosa na  sua casa. A conversa foi‚Ä¶ https://t.co/VMWf42dEMQ,2019-05-30 17:13:57,None,,None,Bras√≠lia  Brazil,47,5,53223,pt
_1244054409295933448,_770781940341288960,Dr. Zelenko‚Äôs document is available to you by subscribing at https://t.co/J0eGAZktZ8 üá∫üá∏,2020-03-29 00:10:59,None,,None,New York  NY,1816,555,1182053,en
_1246474430676643842,_52722451,Insisto que a quarentena aumenta os casos do coronav√≠rus.A curva da epidemia nos pa√≠ses que a adotaram mostra isso(‚Ä¶ https://t.co/XRShBk0Nss,2020-04-04 16:27:17,None,,None,Porto Alegre,0,0,338665,pt
_1246770653698699265,_1186340935124291586,Ol√° pessoal! Est√£o circulando nas redes dois v√≠deos atribu√≠dos a mim de forma err√¥nea! Fake News! Sempre que eu pub‚Ä¶ https://t.co/6Uh5F5wriB,2020-04-05 12:04:22,None,,None,Belo Horizonte  Brasil,1907,352,130679,pt
_1246770653698699265,_1186340935124291586,Ol√° pessoal! Est√£o circulando nas redes dois v√≠deos atribu√≠dos a mim de forma err√¥nea! Fake News! Sempre que eu pub‚Ä¶ https://t.co/6Uh5F5wriB,2020-04-05 12:04:22,None,,None,Belo Horizonte  Brasil,1907,352,130679,pt
_1242570068279603204,_64706049,Diante do oportunismo pol√≠tico criado em torno do assunto  determinei que o Helic√≥ptero √Åguia da Pol√≠cia Ambiental ‚Ä¶ https://t.co/lfDsF1NcHx,2020-03-24 21:52:44,None,,None,S√£o Paulo  SP  Brasil,4682,210,1368263,pt
_1247215843039215616,_35260027,Fake news √© coisa de covarde. Criaram uma conta falsa com meu nome para desinformar e mentir. Pra esses pistoleiros‚Ä¶ https://t.co/43M18wQxD9,2020-04-06 17:33:23,None,,None,Rio de Janeiro,23021,2818,954219,pt
_1247215843039215616,_35260027,Fake news √© coisa de covarde. Criaram uma conta falsa com meu nome para desinformar e mentir. Pra esses pistoleiros‚Ä¶ https://t.co/43M18wQxD9,2020-04-06 17:33:23,None,,None,Rio de Janeiro,23021,2818,954219,pt
_1247215843039215616,_35260027,Fake news √© coisa de covarde. Criaram uma conta falsa com meu nome para desinformar e mentir. Pra esses pistoleiros‚Ä¶ https://t.co/43M18wQxD9,2020-04-06 17:33:23,None,,None,Rio de Janeiro,23021,2818,954219,pt
_1244766337957855234,_74756085,"OMS VAI NA LINHA DE BOLSONARO

O et√≠ope Tedros Adhanom  pres. OMS  externou preocupa√ß√£o c/ quem trabalha para poder‚Ä¶ https://t.co/g7zZhgaPNc",2020-03-30 23:19:56,None,,None,S√£o Paulo - SP,14890,4581,1987542,pt
_1245013144524726273,_189868631,People without regular incomes or any financial cushion deserve social policies that ensure dignity and enable them‚Ä¶ https://t.co/QrhIFqqE5H,2020-03-31 15:40:39,None,,None,Geneva  Switzerland,6579,2622,1410024,en
_1245013144524726273,_189868631,People without regular incomes or any financial cushion deserve social policies that ensure dignity and enable them‚Ä¶ https://t.co/QrhIFqqE5H,2020-03-31 15:40:39,None,,None,Geneva  Switzerland,6579,2622,1410024,en
_1245013146256973834,_189868631,I grew up poor and understand this reality. I call on countries to develop policies which provide economic protecti‚Ä¶ https://t.co/tQgQTiD6Ou,2020-03-31 15:40:39,None,,None,Geneva  Switzerland,4589,1645,1410024,en
_1245013146256973834,_189868631,I grew up poor and understand this reality. I call on countries to develop policies which provide economic protecti‚Ä¶ https://t.co/tQgQTiD6Ou,2020-03-31 15:40:39,None,,None,Geneva  Switzerland,4589,1645,1410024,en
_1242085145412329473,_37717107,Neste momento  √© muito importante evitar aglomera√ß√µes para se prevenir e prevenir as pessoas que voc√™ ama do‚Ä¶ https://t.co/FsCemMdRA0,2020-03-23 13:45:50,None,,None,Brasil  Bras√≠lia,1103,345,1267625,pt
_1241331968517844994,_37717107,Quem tem mais de 60 anos deve ficar em casa  mesmo sem sintomas. Os demais  evitem circula√ß√£o nas ruas. Proteja voc‚Ä¶ https://t.co/TVFtWIKvIZ,2020-03-21 11:52:58,None,,None,Brasil  Bras√≠lia,46487,9532,1267625,pt
_1245079417933742081,_52722451,A HOLANDA que n√£o fez quarentena e n√£o fechou uma loja   j√° passou do pico da epidee est√° indo para o fim da epidem‚Ä¶ https://t.co/PT6i94LVS0,2020-03-31 20:04:00,None,,None,Porto Alegre,26770,7738,338665,pt
_1245079417933742081,_52722451,A HOLANDA que n√£o fez quarentena e n√£o fechou uma loja   j√° passou do pico da epidee est√° indo para o fim da epidem‚Ä¶ https://t.co/PT6i94LVS0,2020-03-31 20:04:00,None,,None,Porto Alegre,26770,7738,338665,pt
_1245327689445068800,_785833176,Diferentemente do que foi divulgado no v√≠deo postado por Bolsonaro neste 1¬∫ de abril  n√£o h√° desabastecimento na Ce‚Ä¶ https://t.co/uUHScdkRu8,2020-04-01 12:30:32,None,,None,,18646,5201,326851,pt
_1245013144524726273,_189868631,People without regular incomes or any financial cushion deserve social policies that ensure dignity and enable them‚Ä¶ https://t.co/QrhIFqqE5H,2020-03-31 15:40:39,None,,None,Geneva  Switzerland,6579,2622,1410024,en
_1244409780963348480,_981552708778909696,"Um jogo de damas em Pelotas terminou em pancadaria. 

Ah  que cidade... https://t.co/6vOZOjjxDc",2020-03-29 23:43:06,None,,None,Pelotas  RS,670,110,2697,pt
_1241453497146642435,_13197402,"The single most important thing to beat Corona: 
Stay away from Grandma and Grandpa.
Love them from afar.‚Ä¶ https://t.co/RsZcU6KLNm",2020-03-21 19:55:53,None,,None,Israel,712,315,284056,en
_1242953631089020928,_13197402,"◊ê◊ù ◊†◊¶◊ê ◊ú◊û◊©◊ô◊û◊î ◊ú◊ê◊ï◊û◊ô◊™ ◊û◊®◊õ◊ñ◊ô◊™ ◊©◊ú ◊î◊ß◊û◊™ ◊û◊¢◊®◊ö ◊ë◊ì◊ô◊ß◊ï◊™ ◊î◊û◊ï◊†◊ô ◊©◊ú ◊õ30 000 ◊ë◊ì◊ô◊ß◊ï◊™ ◊ë◊ô◊ï◊ù  
◊ú◊î◊¢◊®◊õ◊™◊ô ◊†◊ï◊õ◊ú ◊ú◊©◊ó◊®◊® ◊ê◊™ ◊î◊õ◊ú◊õ◊ú◊î ◊ú◊ê◊ó◊® ◊î◊§◊°◊ó (◊ú◊¶◊ì ◊¢◊ï◊ì ◊§◊¢◊ï◊ú◊ï◊™).",2020-03-25 23:16:53,None,,None,Israel,341,13,284056,iw
_1231295023033069568,_286790803,".
ü•≥üéâ  CARNAVAL na BAHIA - QUEM VAI?  üéâü•≥
. https://t.co/OV8avpwkTa",2020-02-22 19:09:44,None,,None,Nova York  EUA,309,118,9438,pt
_962814691415347200,_219092234,A galera do Bloco Crocodilo  que ser√° puxado por Daniela Mercury  j√° aguarda ansiosa in√≠cio do desfile na Barra.‚Ä¶ https://t.co/moznzThNvg,2018-02-11 22:24:45,None,,None,Salvador,0,0,86,pt
_1240251678282125318,_1163562471854133250,Informo que o resultado do meu segundo exame  realizado no HFA  acusou positivo. Aguardo  a contraprova da FioCruz.‚Ä¶ https://t.co/ZU43cdrOPF,2020-03-18 12:20:17,None,,None,Bras√≠lia - DF,68928,6491,1155575,pt
_1241708490181283842,_84368406,@rsallesmma @rsallesmma  na posi√ß√£o de ministro  esperamos que o senhor  no m√≠nimo  tenha a responsabilidade de se‚Ä¶ https://t.co/FNtEeVQCNP,2020-03-22 12:49:08,None,,None,,8417,721,399994,pt
_1241708490181283842,_84368406,@rsallesmma @rsallesmma  na posi√ß√£o de ministro  esperamos que o senhor  no m√≠nimo  tenha a responsabilidade de se‚Ä¶ https://t.co/FNtEeVQCNP,2020-03-22 12:49:08,None,,None,,8417,721,399994,pt
_1233486735578976257,_146569971,CDC does not currently recommend the general public use facemasks or respirators for #COVID19. This 2017 @NIOSH gra‚Ä¶ https://t.co/nJtrKemahB,2020-02-28 20:18:49,None,,None,Atlanta  GA,614,517,3683465,en
_1242120885227737089,_216777909,#FAKENEWS | ‚ö†O governo federal n√£o est√° fazendo recadastramentos! N√£o clique nesses links. Eles foram feitos para r‚Ä¶ https://t.co/F1VM82EJuc,2020-03-23 16:07:51,None,,None,Bras√≠lia  DF  Brasil,949,448,706130,pt
_1242120885227737089,_216777909,#FAKENEWS | ‚ö†O governo federal n√£o est√° fazendo recadastramentos! N√£o clique nesses links. Eles foram feitos para r‚Ä¶ https://t.co/F1VM82EJuc,2020-03-23 16:07:51,None,,None,Bras√≠lia  DF  Brasil,949,448,706130,pt
_1225847292541968384,_1025037163291914240,Interfer√≥n alfa 2B: El medicamento cubano usado en China contra el coronavirus. Nuestro apoyo al gobierno y pueblo‚Ä¶ https://t.co/yxdM5XDP8J,2020-02-07 18:22:24,None,,None,Cuba,6533,4852,423420,es
_1225847292541968384,_1025037163291914240,Interfer√≥n alfa 2B: El medicamento cubano usado en China contra el coronavirus. Nuestro apoyo al gobierno y pueblo‚Ä¶ https://t.co/yxdM5XDP8J,2020-02-07 18:22:24,None,,None,Cuba,6533,4852,423420,es
_1225230332187815936,_1075882433776676865,La planta chino-cubana #Changheber en #Jilin produce desde el primer d√≠a del #A√±oNuevoLunar  el Interferon alpha (I‚Ä¶ https://t.co/ljsI0BVDBB,2020-02-06 01:30:49,None,,None,Cuba,642,529,146064,es
_1233823188137762822,_95740548,Espanha:‚ÄùMais de 80 clientes em quarentena num prost√≠bulo por coronav√≠rus‚Äù. A√≠ sim!,2020-02-29 18:35:46,None,,None,,6806,524,5256351,pt
_1233823188137762822,_95740548,Espanha:‚ÄùMais de 80 clientes em quarentena num prost√≠bulo por coronav√≠rus‚Äù. A√≠ sim!,2020-02-29 18:35:46,None,,None,,6806,524,5256351,pt
_1243273041670373376,_1046678381536964636,"#Italie üáÆüáπ |  Ville de Bergame
Des dizaines de cadavres reposent √† l'int√©rieur d'une paroisse durant la saturation‚Ä¶ https://t.co/a8mwy4V8Oh",2020-03-26 20:26:06,None,,None,France,9,10,6756,fr
_1223337991168380928,_224896427,These short inserts do indeed exist in #nCoV2019 relative to its closest sequenced relative (BetaCoV/bat/Yunnan/RaT‚Ä¶ https://t.co/9m7CRYlKWo,2020-01-31 20:11:20,None,,None,Seattle  WA,1198,599,304531,en
_1223666856923291648,_224896427,Based on the content of my mentions  I feel like I need to further debunk crazy #nCoV2019 / HIV conspiracy preprint‚Ä¶ https://t.co/F5bdF56KU2,2020-02-01 17:58:07,None,,None,Seattle  WA,1397,785,304531,en
_1221768255330603008,_49616273,#Updates: As of 20:00 Monday  in total 2 840 confirmed cases of novel #coronavirus in China  57 discharged from hos‚Ä¶ https://t.co/ccwlMK5Y1E,2020-01-27 12:13:46,None,,None,Beijing  China,1204,852,1885062,en
_1221893940019941381,_14499829,In outbreaks of other #coronaviruses (MERS &amp; SARS)  person-to-person transmission occurred through droplets  contac‚Ä¶ https://t.co/b6ZZnDXS1e,2020-01-27 20:33:11,None,,None,Geneva  Switzerland,1752,1770,9018191,en
_1222471896723099648,_49616273,Among the confirmed 6 078 patients  132 have died  115 have been discharged from hospitals after recovery: official‚Ä¶ https://t.co/Y2rKTiKvIX,2020-01-29 10:49:47,None,,None,Beijing  China,58,44,1885062,en
_1221768255330603008,_49616273,#Updates: As of 20:00 Monday  in total 2 840 confirmed cases of novel #coronavirus in China  57 discharged from hos‚Ä¶ https://t.co/ccwlMK5Y1E,2020-01-27 12:13:46,None,,None,Beijing  China,1204,852,1885062,en
_1237777021742338049,_14499829,"üö® BREAKING üö®

""We have therefore made the assessment that #COVID19 can be characterized as a pandemic""-@DrTedros‚Ä¶ https://t.co/sDXhYYqy5g",2020-03-11 16:26:53,None,,None,Geneva  Switzerland,55432,54178,9018191,en
_1229708001243795458,_453124512,If the number of reported confirmed cases of #COVID19 continues to slow down  the 2% fatality rate people have been‚Ä¶ https://t.co/xdQ18DiBEf,2020-02-18 10:03:29,None,,None,,1034,542,122362,en
_1220504916583682048,_796745155,@mandl Today  the @WHO reported their own estimates (though I haven't seen the methods yet)  which were R_0 = 1.4 t‚Ä¶ https://t.co/d4GW9Vti34,2020-01-24 00:33:42,None,,None,Boston  MA  USA,37,21,29920,en
_1238187635052552196,_37717107,"#Atualiza√ß√£o | O @minsaude atualiza a situa√ß√£o do #coronav√≠rus no Brasil  at√© 16h de 12/03:
‚ñ∂Ô∏è 1.427 casos suspeito‚Ä¶ https://t.co/zANkIFW0LT",2020-03-12 19:38:31,None,,None,Brasil  Bras√≠lia,3021,833,1267625,pt
_1237777021742338049,_14499829,"üö® BREAKING üö®

""We have therefore made the assessment that #COVID19 can be characterized as a pandemic""-@DrTedros‚Ä¶ https://t.co/sDXhYYqy5g",2020-03-11 16:26:53,None,,None,Geneva  Switzerland,55432,54178,9018191,en
